"measure_code","measure_label","country_code","country_name","is_group","country_color","estimation_method","cancer_entity_id","cancer_entity_label","cancer_entity_color","year_range","n_cases","asr_e_new","asr_e_old","asr_w","crude_rate","cumulative_risk","snapshot_date","source_url"
"IN","Incidence","AL","Albania","0","","4","29","Breast","#ebafde","2024-2024","1253","92.4","75.4","56.8","88.8","6.10","2026-08-12","https://ecis.jrc.ec.europa.eu/ecis-api/v2/data/estimates/incidenceByCountrySummary?measure=IN&country=ACA&sexId=2&cancerEntity=29&ageMin=0&ageMax=85%2B&yearFrom=2024&yearTo=2024"
"IN","Incidence","ACA","All countries","1",,,"29","Breast","#ebafde","2024-2024","402459","121.1","95.2","70.6","133.4","7.55","2026-08-12","https://ecis.jrc.ec.europa.eu/ecis-api/v2/data/estimates/incidenceByCountrySummary?measure=IN&country=ACA&sexId=2&cancerEntity=29&ageMin=0&ageMax=85%2B&yearFrom=2024&yearTo=2024"
"IN","Incidence","AT","Austria","0",,"1","29","Breast","#ebafde","2024-2024","5623","111.4","84.6","61.8","122.8","6.70","2026-08-12","https://ecis.jrc.ec.europa.eu/ecis-api/v2/data/estimates/incidenceByCountrySummary?measure=IN&country=ACA&sexId=2&cancerEntity=29&ageMin=0&ageMax=85%2B&yearFrom=2024&yearTo=2024"
"IN","Incidence","BE","Belgium","0",,"1","29","Breast","#ebafde","2024-2024","10928","176.4","136.1","99.9","185.4","10.66","2026-08-12","https://ecis.jrc.ec.europa.eu/ecis-api/v2/data/estimates/incidenceByCountrySummary?measure=IN&country=ACA&sexId=2&cancerEntity=29&ageMin=0&ageMax=85%2B&yearFrom=2024&yearTo=2024"
"IN","Incidence","BA","Bosnia and Herzegovina","0",,"2","29","Breast","#ebafde","2024-2024","1440","72.4","57.5","42.4","86.8","4.82","2026-08-12","https://ecis.jrc.ec.europa.eu/ecis-api/v2/data/estimates/incidenceByCountrySummary?measure=IN&country=ACA&sexId=2&cancerEntity=29&ageMin=0&ageMax=85%2B&yearFrom=2024&yearTo=2024"
"IN","Incidence","BG","Bulgaria","0",,"1","29","Breast","#ebafde","2024-2024","3559","88.4","71.2","53.2","102.4","5.77","2026-08-12","https://ecis.jrc.ec.europa.eu/ecis-api/v2/data/estimates/incidenceByCountrySummary?measure=IN&country=ACA&sexId=2&cancerEntity=29&ageMin=0&ageMax=85%2B&yearFrom=2024&yearTo=2024"
"IN","Incidence","HR","Croatia","0",,"1","29","Breast","#ebafde","2024-2024","3040","132.1","105.8","78.9","150.4","8.49","2026-08-12","https://ecis.jrc.ec.europa.eu/ecis-api/v2/data/estimates/incidenceByCountrySummary?measure=IN&country=ACA&sexId=2&cancerEntity=29&ageMin=0&ageMax=85%2B&yearFrom=2024&yearTo=2024"
"IN","Incidence","CY","Cyprus","0",,"1","29","Breast","#ebafde","2024-2024","700","158.1","125.3","92.9","148.6","9.80","2026-08-12","https://ecis.jrc.ec.europa.eu/ecis-api/v2/data/estimates/incidenceByCountrySummary?measure=IN&country=ACA&sexId=2&cancerEntity=29&ageMin=0&ageMax=85%2B&yearFrom=2024&yearTo=2024"
"IN","Incidence","CZ","Czechia","0",,"1","29","Breast","#ebafde","2024-2024","7598","126.8","97.7","71.9","139.4","7.63","2026-08-12","https://ecis.jrc.ec.europa.eu/ecis-api/v2/data/estimates/incidenceByCountrySummary?measure=IN&country=ACA&sexId=2&cancerEntity=29&ageMin=0&ageMax=85%2B&yearFrom=2024&yearTo=2024"
"IN","Incidence","DK","Denmark","0",,"1","29","Breast","#ebafde","2024-2024","5242","168.4","129.0","94.3","178.0","9.92","2026-08-12","https://ecis.jrc.ec.europa.eu/ecis-api/v2/data/estimates/incidenceByCountrySummary?measure=IN&country=ACA&sexId=2&cancerEntity=29&ageMin=0&ageMax=85%2B&yearFrom=2024&yearTo=2024"
"IN","Incidence","EE","Estonia","0",,"1","29","Breast","#ebafde","2024-2024","891","113.2","88.0","64.6","128.6","6.97","2026-08-12","https://ecis.jrc.ec.europa.eu/ecis-api/v2/data/estimates/incidenceByCountrySummary?measure=IN&country=ACA&sexId=2&cancerEntity=29&ageMin=0&ageMax=85%2B&yearFrom=2024&yearTo=2024"
"IN","Incidence","EU27","EU-27","1",,,"29","Breast","#ebafde","2024-2024","361859","141.4","111.2","82.5","157.6","8.75","2026-08-12","https://ecis.jrc.ec.europa.eu/ecis-api/v2/data/estimates/incidenceByCountrySummary?measure=IN&country=ACA&sexId=2&cancerEntity=29&ageMin=0&ageMax=85%2B&yearFrom=2024&yearTo=2024"
"IN","Incidence","EU27X","EU27 + EFTA","1",,,"29","Breast","#ebafde","2024-2024","373874","141.8","111.5","82.7","157.8","8.77","2026-08-12","https://ecis.jrc.ec.europa.eu/ecis-api/v2/data/estimates/incidenceByCountrySummary?measure=IN&country=ACA&sexId=2&cancerEntity=29&ageMin=0&ageMax=85%2B&yearFrom=2024&yearTo=2024"
"IN","Incidence","FI","Finland","0",,"1","29","Breast","#ebafde","2024-2024","5204","163.2","123.1","88.8","186.0","9.69","2026-08-12","https://ecis.jrc.ec.europa.eu/ecis-api/v2/data/estimates/incidenceByCountrySummary?measure=IN&country=ACA&sexId=2&cancerEntity=29&ageMin=0&ageMax=85%2B&yearFrom=2024&yearTo=2024"
"IN","Incidence","FR","France","0",,"2","29","Breast","#ebafde","2024-2024","62713","169.7","135.4","101.1","178.6","10.62","2026-08-12","https://ecis.jrc.ec.europa.eu/ecis-api/v2/data/estimates/incidenceByCountrySummary?measure=IN&country=ACA&sexId=2&cancerEntity=29&ageMin=0&ageMax=85%2B&yearFrom=2024&yearTo=2024"
"IN","Incidence","DE","Germany","0",,"1","29","Breast","#ebafde","2024-2024","71600","146.1","112.2","82.6","169.3","8.68","2026-08-12","https://ecis.jrc.ec.europa.eu/ecis-api/v2/data/estimates/incidenceByCountrySummary?measure=IN&country=ACA&sexId=2&cancerEntity=29&ageMin=0&ageMax=85%2B&yearFrom=2024&yearTo=2024"
"IN","Incidence","GR","Greece","0",,"3","29","Breast","#ebafde","2024-2024","8733","137.9","108.1","80.2","161.5","8.43","2026-08-12","https://ecis.jrc.ec.europa.eu/ecis-api/v2/data/estimates/incidenceByCountrySummary?measure=IN&country=ACA&sexId=2&cancerEntity=29&ageMin=0&ageMax=85%2B&yearFrom=2024&yearTo=2024"
"IN","Incidence","HU","Hungary","0",,"3","29","Breast","#ebafde","2024-2024","7448","131.6","103.2","76.2","147.8","8.32","2026-08-12","https://ecis.jrc.ec.europa.eu/ecis-api/v2/data/estimates/incidenceByCountrySummary?measure=IN&country=ACA&sexId=2&cancerEntity=29&ageMin=0&ageMax=85%2B&yearFrom=2024&yearTo=2024"
"IN","Incidence","IS","Iceland","0",,"1","29","Breast","#ebafde","2024-2024","287","172.4","131.2","95.9","152.8","10.40","2026-08-12","https://ecis.jrc.ec.europa.eu/ecis-api/v2/data/estimates/incidenceByCountrySummary?measure=IN&country=ACA&sexId=2&cancerEntity=29&ageMin=0&ageMax=85%2B&yearFrom=2024&yearTo=2024"
"IN","Incidence","IE","Ireland","0",,"1","29","Breast","#ebafde","2024-2024","3663","152.7","118.3","86.6","138.9","9.28","2026-08-12","https://ecis.jrc.ec.europa.eu/ecis-api/v2/data/estimates/incidenceByCountrySummary?measure=IN&country=ACA&sexId=2&cancerEntity=29&ageMin=0&ageMax=85%2B&yearFrom=2024&yearTo=2024"
"IN","Incidence","IT","Italy","0",,"2","29","Breast","#ebafde","2024-2024","56432","153.1","121.4","90.1","183.7","9.55","2026-08-12","https://ecis.jrc.ec.europa.eu/ecis-api/v2/data/estimates/incidenceByCountrySummary?measure=IN&country=ACA&sexId=2&cancerEntity=29&ageMin=0&ageMax=85%2B&yearFrom=2024&yearTo=2024"
"IN","Incidence","LV","Latvia","0",,"1","29","Breast","#ebafde","2024-2024","1302","115.3","93.1","69.5","132.4","7.48","2026-08-12","https://ecis.jrc.ec.europa.eu/ecis-api/v2/data/estimates/incidenceByCountrySummary?measure=IN&country=ACA&sexId=2&cancerEntity=29&ageMin=0&ageMax=85%2B&yearFrom=2024&yearTo=2024"
"IN","Incidence","LT","Lithuania","0",,"1","29","Breast","#ebafde","2024-2024","1716","103.7","83.9","62.5","119.0","6.86","2026-08-12","https://ecis.jrc.ec.europa.eu/ecis-api/v2/data/estimates/incidenceByCountrySummary?measure=IN&country=ACA&sexId=2&cancerEntity=29&ageMin=0&ageMax=85%2B&yearFrom=2024&yearTo=2024"
"IN","Incidence","LU","Luxembourg","0",,"3","29","Breast","#ebafde","2024-2024","493","159.2","117.6","85.9","151.9","9.24","2026-08-12","https://ecis.jrc.ec.europa.eu/ecis-api/v2/data/estimates/incidenceByCountrySummary?measure=IN&country=ACA&sexId=2&cancerEntity=29&ageMin=0&ageMax=85%2B&yearFrom=2024&yearTo=2024"
"IN","Incidence","MT","Malta","0",,"1","29","Breast","#ebafde","2024-2024","457","165.8","124.0","90.1","173.2","9.31","2026-08-12","https://ecis.jrc.ec.europa.eu/ecis-api/v2/data/estimates/incidenceByCountrySummary?measure=IN&country=ACA&sexId=2&cancerEntity=29&ageMin=0&ageMax=85%2B&yearFrom=2024&yearTo=2024"
"IN","Incidence","NL","Netherlands","0",,"1","29","Breast","#ebafde","2024-2024","15155","161.6","127.1","93.6","170.1","10.03","2026-08-12","https://ecis.jrc.ec.europa.eu/ecis-api/v2/data/estimates/incidenceByCountrySummary?measure=IN&country=ACA&sexId=2&cancerEntity=29&ageMin=0&ageMax=85%2B&yearFrom=2024&yearTo=2024"
"IN","Incidence","NO","Norway","0",,"1","29","Breast","#ebafde","2024-2024","4500","166.6","129.7","95.1","164.4","10.16","2026-08-12","https://ecis.jrc.ec.europa.eu/ecis-api/v2/data/estimates/incidenceByCountrySummary?measure=IN&country=ACA&sexId=2&cancerEntity=29&ageMin=0&ageMax=85%2B&yearFrom=2024&yearTo=2024"
"IN","Incidence","PL","Poland","0",,"1","29","Breast","#ebafde","2024-2024","23238","110.5","88.5","65.7","119.7","7.17","2026-08-12","https://ecis.jrc.ec.europa.eu/ecis-api/v2/data/estimates/incidenceByCountrySummary?measure=IN&country=ACA&sexId=2&cancerEntity=29&ageMin=0&ageMax=85%2B&yearFrom=2024&yearTo=2024"
"IN","Incidence","PT","Portugal","0",,"2","29","Breast","#ebafde","2024-2024","9100","145.6","118.5","89.0","167.2","9.34","2026-08-12","https://ecis.jrc.ec.europa.eu/ecis-api/v2/data/estimates/incidenceByCountrySummary?measure=IN&country=ACA&sexId=2&cancerEntity=29&ageMin=0&ageMax=85%2B&yearFrom=2024&yearTo=2024"
"IN","Incidence","MK","Republic of North Macedonia","0",,"3","29","Breast","#ebafde","2024-2024","1222","126.9","100.0","74.0","130.5","8.01","2026-08-12","https://ecis.jrc.ec.europa.eu/ecis-api/v2/data/estimates/incidenceByCountrySummary?measure=IN&country=ACA&sexId=2&cancerEntity=29&ageMin=0&ageMax=85%2B&yearFrom=2024&yearTo=2024"
"IN","Incidence","RO","Romania","0",,"3","29","Breast","#ebafde","2024-2024","12308","117.0","93.8","69.5","129.4","7.60","2026-08-12","https://ecis.jrc.ec.europa.eu/ecis-api/v2/data/estimates/incidenceByCountrySummary?measure=IN&country=ACA&sexId=2&cancerEntity=29&ageMin=0&ageMax=85%2B&yearFrom=2024&yearTo=2024"
"IN","Incidence","RS","Serbia","0",,"4","29","Breast","#ebafde","2024-2024","4374","108.4","85.7","63.6","123.5","6.97","2026-08-12","https://ecis.jrc.ec.europa.eu/ecis-api/v2/data/estimates/incidenceByCountrySummary?measure=IN&country=ACA&sexId=2&cancerEntity=29&ageMin=0&ageMax=85%2B&yearFrom=2024&yearTo=2024"
"IN","Incidence","SK","Slovakia","0",,"2","29","Breast","#ebafde","2024-2024","3803","131.1","102.1","80.1","136.1","7.73","2026-08-12","https://ecis.jrc.ec.europa.eu/ecis-api/v2/data/estimates/incidenceByCountrySummary?measure=IN&country=ACA&sexId=2&cancerEntity=29&ageMin=0&ageMax=85%2B&yearFrom=2024&yearTo=2024"
"IN","Incidence","SI","Slovenia","0",,"1","29","Breast","#ebafde","2024-2024","1655","140.2","110.7","82.2","158.5","8.77","2026-08-12","https://ecis.jrc.ec.europa.eu/ecis-api/v2/data/estimates/incidenceByCountrySummary?measure=IN&country=ACA&sexId=2&cancerEntity=29&ageMin=0&ageMax=85%2B&yearFrom=2024&yearTo=2024"
"IN","Incidence","ES","Spain","0",,"2","29","Breast","#ebafde","2024-2024","31226","113.6","91.7","69.5","126.8","7.23","2026-08-12","https://ecis.jrc.ec.europa.eu/ecis-api/v2/data/estimates/incidenceByCountrySummary?measure=IN&country=ACA&sexId=2&cancerEntity=29&ageMin=0&ageMax=85%2B&yearFrom=2024&yearTo=2024"
"IN","Incidence","SE","Sweden","0",,"1","29","Breast","#ebafde","2024-2024","8032","149.9","115.9","85.0","151.9","9.18","2026-08-12","https://ecis.jrc.ec.europa.eu/ecis-api/v2/data/estimates/incidenceByCountrySummary?measure=IN&country=ACA&sexId=2&cancerEntity=29&ageMin=0&ageMax=85%2B&yearFrom=2024&yearTo=2024"
"IN","Incidence","CH","Switzerland","0",,"2","29","Breast","#ebafde","2024-2024","7228","152.6","118.9","88.2","163.7","9.25","2026-08-12","https://ecis.jrc.ec.europa.eu/ecis-api/v2/data/estimates/incidenceByCountrySummary?measure=IN&country=ACA&sexId=2&cancerEntity=29&ageMin=0&ageMax=85%2B&yearFrom=2024&yearTo=2024"
"IN","Incidence","UA","Ukraine","0",,"1","29","Breast","#ebafde","2024-2024","18344","81.1","65.7","49.3","90.5","5.37","2026-08-12","https://ecis.jrc.ec.europa.eu/ecis-api/v2/data/estimates/incidenceByCountrySummary?measure=IN&country=ACA&sexId=2&cancerEntity=29&ageMin=0&ageMax=85%2B&yearFrom=2024&yearTo=2024"
"IN","Incidence","UK","United Kingdom","0",,"1","29","Breast","#ebafde","2024-2024","58748","164.4","127.2","93.1","167.4","10.00","2026-08-12","https://ecis.jrc.ec.europa.eu/ecis-api/v2/data/estimates/incidenceByCountrySummary?measure=IN&country=ACA&sexId=2&cancerEntity=29&ageMin=0&ageMax=85%2B&yearFrom=2024&yearTo=2024"
"MO","Mortality","AL","Albania","0","","3","29","Breast","#ebafde","2024-2024","314","23.9","16.9","11.9","22.2","1.33","2026-08-12","https://ecis.jrc.ec.europa.eu/ecis-api/v2/data/estimates/incidenceByCountrySummary?measure=MO&country=ACA&sexId=2&cancerEntity=29&ageMin=0&ageMax=85%2B&yearFrom=2024&yearTo=2024"
"MO","Mortality","ACA","All countries","1",,"1","29","Breast","#ebafde","2024-2024","105744","29.1","19.0","12.8","35.0","1.37","2026-08-12","https://ecis.jrc.ec.europa.eu/ecis-api/v2/data/estimates/incidenceByCountrySummary?measure=MO&country=ACA&sexId=2&cancerEntity=29&ageMin=0&ageMax=85%2B&yearFrom=2024&yearTo=2024"
"MO","Mortality","AT","Austria","0",,"1","29","Breast","#ebafde","2024-2024","1781","32.9","20.5","13.6","38.9","1.43","2026-08-12","https://ecis.jrc.ec.europa.eu/ecis-api/v2/data/estimates/incidenceByCountrySummary?measure=MO&country=ACA&sexId=2&cancerEntity=29&ageMin=0&ageMax=85%2B&yearFrom=2024&yearTo=2024"
"MO","Mortality","BE","Belgium","0",,"1","29","Breast","#ebafde","2024-2024","2258","32.9","20.2","13.2","38.3","1.38","2026-08-12","https://ecis.jrc.ec.europa.eu/ecis-api/v2/data/estimates/incidenceByCountrySummary?measure=MO&country=ACA&sexId=2&cancerEntity=29&ageMin=0&ageMax=85%2B&yearFrom=2024&yearTo=2024"
"MO","Mortality","BA","Bosnia and Herzegovina","0",,"1","29","Breast","#ebafde","2024-2024","583","28.0","19.8","13.9","35.2","1.66","2026-08-12","https://ecis.jrc.ec.europa.eu/ecis-api/v2/data/estimates/incidenceByCountrySummary?measure=MO&country=ACA&sexId=2&cancerEntity=29&ageMin=0&ageMax=85%2B&yearFrom=2024&yearTo=2024"
"MO","Mortality","BG","Bulgaria","0",,"1","29","Breast","#ebafde","2024-2024","1411","32.8","22.3","15.4","40.6","1.70","2026-08-12","https://ecis.jrc.ec.europa.eu/ecis-api/v2/data/estimates/incidenceByCountrySummary?measure=MO&country=ACA&sexId=2&cancerEntity=29&ageMin=0&ageMax=85%2B&yearFrom=2024&yearTo=2024"
"MO","Mortality","HR","Croatia","0",,"1","29","Breast","#ebafde","2024-2024","508","20.9","15.4","11.1","25.1","1.34","2026-08-12","https://ecis.jrc.ec.europa.eu/ecis-api/v2/data/estimates/incidenceByCountrySummary?measure=MO&country=ACA&sexId=2&cancerEntity=29&ageMin=0&ageMax=85%2B&yearFrom=2024&yearTo=2024"
"MO","Mortality","CY","Cyprus","0",,"4","29","Breast","#ebafde","2024-2024","159","36.2","23.4","15.7","33.8","1.70","2026-08-12","https://ecis.jrc.ec.europa.eu/ecis-api/v2/data/estimates/incidenceByCountrySummary?measure=MO&country=ACA&sexId=2&cancerEntity=29&ageMin=0&ageMax=85%2B&yearFrom=2024&yearTo=2024"
"MO","Mortality","CZ","Czechia","0",,"1","29","Breast","#ebafde","2024-2024","1746","27.7","17.4","11.6","32.0","1.18","2026-08-12","https://ecis.jrc.ec.europa.eu/ecis-api/v2/data/estimates/incidenceByCountrySummary?measure=MO&country=ACA&sexId=2&cancerEntity=29&ageMin=0&ageMax=85%2B&yearFrom=2024&yearTo=2024"
"MO","Mortality","DK","Denmark","0",,"1","29","Breast","#ebafde","2024-2024","1203","35.1","20.7","13.4","40.8","1.24","2026-08-12","https://ecis.jrc.ec.europa.eu/ecis-api/v2/data/estimates/incidenceByCountrySummary?measure=MO&country=ACA&sexId=2&cancerEntity=29&ageMin=0&ageMax=85%2B&yearFrom=2024&yearTo=2024"
"MO","Mortality","EE","Estonia","0",,"1","29","Breast","#ebafde","2024-2024","275","31.1","20.6","14.0","39.7","1.50","2026-08-12","https://ecis.jrc.ec.europa.eu/ecis-api/v2/data/estimates/incidenceByCountrySummary?measure=MO&country=ACA&sexId=2&cancerEntity=29&ageMin=0&ageMax=85%2B&yearFrom=2024&yearTo=2024"
"MO","Mortality","EU27","EU-27","1",,"1","29","Breast","#ebafde","2024-2024","92749","32.6","21.0","14.1","40.4","1.49","2026-08-12","https://ecis.jrc.ec.europa.eu/ecis-api/v2/data/estimates/incidenceByCountrySummary?measure=MO&country=ACA&sexId=2&cancerEntity=29&ageMin=0&ageMax=85%2B&yearFrom=2024&yearTo=2024"
"MO","Mortality","EU27X","EU27 + EFTA","1",,"1","29","Breast","#ebafde","2024-2024","94998","32.5","20.9","14.1","40.1","1.48","2026-08-12","https://ecis.jrc.ec.europa.eu/ecis-api/v2/data/estimates/incidenceByCountrySummary?measure=MO&country=ACA&sexId=2&cancerEntity=29&ageMin=0&ageMax=85%2B&yearFrom=2024&yearTo=2024"
"MO","Mortality","FI","Finland","0",,"1","29","Breast","#ebafde","2024-2024","914","26.2","17.2","11.7","32.7","1.28","2026-08-12","https://ecis.jrc.ec.europa.eu/ecis-api/v2/data/estimates/incidenceByCountrySummary?measure=MO&country=ACA&sexId=2&cancerEntity=29&ageMin=0&ageMax=85%2B&yearFrom=2024&yearTo=2024"
"MO","Mortality","FR","France","0",,"1","29","Breast","#ebafde","2024-2024","14156","33.0","21.1","14.2","40.3","1.43","2026-08-12","https://ecis.jrc.ec.europa.eu/ecis-api/v2/data/estimates/incidenceByCountrySummary?measure=MO&country=ACA&sexId=2&cancerEntity=29&ageMin=0&ageMax=85%2B&yearFrom=2024&yearTo=2024"
"MO","Mortality","DE","Germany","0",,"1","29","Breast","#ebafde","2024-2024","20786","37.6","24.1","16.2","49.1","1.71","2026-08-12","https://ecis.jrc.ec.europa.eu/ecis-api/v2/data/estimates/incidenceByCountrySummary?measure=MO&country=ACA&sexId=2&cancerEntity=29&ageMin=0&ageMax=85%2B&yearFrom=2024&yearTo=2024"
"MO","Mortality","GR","Greece","0",,"1","29","Breast","#ebafde","2024-2024","2398","32.9","20.7","13.7","44.3","1.40","2026-08-12","https://ecis.jrc.ec.europa.eu/ecis-api/v2/data/estimates/incidenceByCountrySummary?measure=MO&country=ACA&sexId=2&cancerEntity=29&ageMin=0&ageMax=85%2B&yearFrom=2024&yearTo=2024"
"MO","Mortality","HU","Hungary","0",,"1","29","Breast","#ebafde","2024-2024","2196","36.7","24.1","16.4","43.6","1.82","2026-08-12","https://ecis.jrc.ec.europa.eu/ecis-api/v2/data/estimates/incidenceByCountrySummary?measure=MO&country=ACA&sexId=2&cancerEntity=29&ageMin=0&ageMax=85%2B&yearFrom=2024&yearTo=2024"
"MO","Mortality","IS","Iceland","0",,"1","29","Breast","#ebafde","2024-2024","55","33.7","22.7","15.7","29.3","1.60","2026-08-12","https://ecis.jrc.ec.europa.eu/ecis-api/v2/data/estimates/incidenceByCountrySummary?measure=MO&country=ACA&sexId=2&cancerEntity=29&ageMin=0&ageMax=85%2B&yearFrom=2024&yearTo=2024"
"MO","Mortality","IE","Ireland","0",,"1","29","Breast","#ebafde","2024-2024","810","35.2","21.9","14.5","30.7","1.53","2026-08-12","https://ecis.jrc.ec.europa.eu/ecis-api/v2/data/estimates/incidenceByCountrySummary?measure=MO&country=ACA&sexId=2&cancerEntity=29&ageMin=0&ageMax=85%2B&yearFrom=2024&yearTo=2024"
"MO","Mortality","IT","Italy","0",,"1","29","Breast","#ebafde","2024-2024","14153","32.6","21.0","14.1","46.1","1.44","2026-08-12","https://ecis.jrc.ec.europa.eu/ecis-api/v2/data/estimates/incidenceByCountrySummary?measure=MO&country=ACA&sexId=2&cancerEntity=29&ageMin=0&ageMax=85%2B&yearFrom=2024&yearTo=2024"
"MO","Mortality","LV","Latvia","0",,"1","29","Breast","#ebafde","2024-2024","427","33.3","22.5","15.4","43.4","1.73","2026-08-12","https://ecis.jrc.ec.europa.eu/ecis-api/v2/data/estimates/incidenceByCountrySummary?measure=MO&country=ACA&sexId=2&cancerEntity=29&ageMin=0&ageMax=85%2B&yearFrom=2024&yearTo=2024"
"MO","Mortality","LT","Lithuania","0",,"1","29","Breast","#ebafde","2024-2024","550","30.0","20.8","14.5","38.1","1.63","2026-08-12","https://ecis.jrc.ec.europa.eu/ecis-api/v2/data/estimates/incidenceByCountrySummary?measure=MO&country=ACA&sexId=2&cancerEntity=29&ageMin=0&ageMax=85%2B&yearFrom=2024&yearTo=2024"
"MO","Mortality","LU","Luxembourg","0",,"1","29","Breast","#ebafde","2024-2024","104","34.0","19.8","12.6","32.0","1.32","2026-08-12","https://ecis.jrc.ec.europa.eu/ecis-api/v2/data/estimates/incidenceByCountrySummary?measure=MO&country=ACA&sexId=2&cancerEntity=29&ageMin=0&ageMax=85%2B&yearFrom=2024&yearTo=2024"
"MO","Mortality","MT","Malta","0",,"1","29","Breast","#ebafde","2024-2024","96","33.9","21.5","14.3","36.4","1.57","2026-08-12","https://ecis.jrc.ec.europa.eu/ecis-api/v2/data/estimates/incidenceByCountrySummary?measure=MO&country=ACA&sexId=2&cancerEntity=29&ageMin=0&ageMax=85%2B&yearFrom=2024&yearTo=2024"
"MO","Mortality","NL","Netherlands","0",,"1","29","Breast","#ebafde","2024-2024","3463","34.7","22.0","14.8","38.9","1.56","2026-08-12","https://ecis.jrc.ec.europa.eu/ecis-api/v2/data/estimates/incidenceByCountrySummary?measure=MO&country=ACA&sexId=2&cancerEntity=29&ageMin=0&ageMax=85%2B&yearFrom=2024&yearTo=2024"
"MO","Mortality","NO","Norway","0",,"1","29","Breast","#ebafde","2024-2024","664","23.7","15.5","10.5","24.3","1.12","2026-08-12","https://ecis.jrc.ec.europa.eu/ecis-api/v2/data/estimates/incidenceByCountrySummary?measure=MO&country=ACA&sexId=2&cancerEntity=29&ageMin=0&ageMax=85%2B&yearFrom=2024&yearTo=2024"
"MO","Mortality","PL","Poland","0",,"1","29","Breast","#ebafde","2024-2024","7664","34.8","22.5","15.2","39.5","1.65","2026-08-12","https://ecis.jrc.ec.europa.eu/ecis-api/v2/data/estimates/incidenceByCountrySummary?measure=MO&country=ACA&sexId=2&cancerEntity=29&ageMin=0&ageMax=85%2B&yearFrom=2024&yearTo=2024"
"MO","Mortality","PT","Portugal","0",,"1","29","Breast","#ebafde","2024-2024","2101","29.6","19.7","13.5","38.6","1.40","2026-08-12","https://ecis.jrc.ec.europa.eu/ecis-api/v2/data/estimates/incidenceByCountrySummary?measure=MO&country=ACA&sexId=2&cancerEntity=29&ageMin=0&ageMax=85%2B&yearFrom=2024&yearTo=2024"
"MO","Mortality","MK","Republic of North Macedonia","0",,"1","29","Breast","#ebafde","2024-2024","429","46.1","30.6","20.9","45.8","2.29","2026-08-12","https://ecis.jrc.ec.europa.eu/ecis-api/v2/data/estimates/incidenceByCountrySummary?measure=MO&country=ACA&sexId=2&cancerEntity=29&ageMin=0&ageMax=85%2B&yearFrom=2024&yearTo=2024"
"MO","Mortality","RO","Romania","0",,"1","29","Breast","#ebafde","2024-2024","3599","33.0","23.1","16.1","37.9","1.84","2026-08-12","https://ecis.jrc.ec.europa.eu/ecis-api/v2/data/estimates/incidenceByCountrySummary?measure=MO&country=ACA&sexId=2&cancerEntity=29&ageMin=0&ageMax=85%2B&yearFrom=2024&yearTo=2024"
"MO","Mortality","RS","Serbia","0",,"1","29","Breast","#ebafde","2024-2024","1744","41.6","28.0","19.2","49.3","2.16","2026-08-12","https://ecis.jrc.ec.europa.eu/ecis-api/v2/data/estimates/incidenceByCountrySummary?measure=MO&country=ACA&sexId=2&cancerEntity=29&ageMin=0&ageMax=85%2B&yearFrom=2024&yearTo=2024"
"MO","Mortality","SK","Slovakia","0",,"1","29","Breast","#ebafde","2024-2024","1171","39.8","25.1","16.7","41.9","1.79","2026-08-12","https://ecis.jrc.ec.europa.eu/ecis-api/v2/data/estimates/incidenceByCountrySummary?measure=MO&country=ACA&sexId=2&cancerEntity=29&ageMin=0&ageMax=85%2B&yearFrom=2024&yearTo=2024"
"MO","Mortality","SI","Slovenia","0",,"1","29","Breast","#ebafde","2024-2024","496","37.3","23.2","15.4","47.5","1.56","2026-08-12","https://ecis.jrc.ec.europa.eu/ecis-api/v2/data/estimates/incidenceByCountrySummary?measure=MO&country=ACA&sexId=2&cancerEntity=29&ageMin=0&ageMax=85%2B&yearFrom=2024&yearTo=2024"
"MO","Mortality","ES","Spain","0",,"1","29","Breast","#ebafde","2024-2024","6830","22.4","14.7","10.0","27.7","1.03","2026-08-12","https://ecis.jrc.ec.europa.eu/ecis-api/v2/data/estimates/incidenceByCountrySummary?measure=MO&country=ACA&sexId=2&cancerEntity=29&ageMin=0&ageMax=85%2B&yearFrom=2024&yearTo=2024"
"MO","Mortality","SE","Sweden","0",,"1","29","Breast","#ebafde","2024-2024","1494","25.0","15.5","10.3","28.3","1.05","2026-08-12","https://ecis.jrc.ec.europa.eu/ecis-api/v2/data/estimates/incidenceByCountrySummary?measure=MO&country=ACA&sexId=2&cancerEntity=29&ageMin=0&ageMax=85%2B&yearFrom=2024&yearTo=2024"
"MO","Mortality","CH","Switzerland","0",,"1","29","Breast","#ebafde","2024-2024","1530","29.8","18.6","12.3","34.6","1.27","2026-08-12","https://ecis.jrc.ec.europa.eu/ecis-api/v2/data/estimates/incidenceByCountrySummary?measure=MO&country=ACA&sexId=2&cancerEntity=29&ageMin=0&ageMax=85%2B&yearFrom=2024&yearTo=2024"
"MO","Mortality","UA","Ukraine","0",,"1","29","Breast","#ebafde","2024-2024","6994","30.3","22.6","16.2","34.5","1.92","2026-08-12","https://ecis.jrc.ec.europa.eu/ecis-api/v2/data/estimates/incidenceByCountrySummary?measure=MO&country=ACA&sexId=2&cancerEntity=29&ageMin=0&ageMax=85%2B&yearFrom=2024&yearTo=2024"
"MO","Mortality","UK","United Kingdom","0",,"1","29","Breast","#ebafde","2024-2024","12425","32.7","21.0","14.1","35.4","1.42","2026-08-12","https://ecis.jrc.ec.europa.eu/ecis-api/v2/data/estimates/incidenceByCountrySummary?measure=MO&country=ACA&sexId=2&cancerEntity=29&ageMin=0&ageMax=85%2B&yearFrom=2024&yearTo=2024"
